{"cameraMode":{"drawMode":0,"name":"Shaded","section":"Shading Mode"},"sceneLighting":true,"audioPlay":false,"sceneViewState":{"showFog":true,"showMaterialUpdate":false,"showSkybox":true,"showFlares":true,"showImageEffects":true,"showParticleSystems":true},"in2DMode":false,"pivot":{"x":400.1067810058594,"y":5.955702781677246,"z":367.0000915527344},"rotation":{"x":0.0029999923426657917,"y":-0.0014999918639659882,"z":-0.000004499994702200638,"w":-0.9999943971633911},"size":426.9244689941406,"orthographic":false}